<?xml version="1.0" encoding="UTF-8"?>
<project-private xmlns="http://www.netbeans.org/ns/project-private/1">
    <editor-bookmarks xmlns="http://www.netbeans.org/ns/editor-bookmarks/2" lastBookmarkId="0"/>
    <open-files xmlns="http://www.netbeans.org/ns/projectui-open-files/2">
        <group>
            <file>file:/E:/School/Java3/Lesson%2011/Java3Lesson11HW/LoanService/src/java/loanservice/LoanService.java</file>
            <file>file:/E:/School/Java3/Lesson%2011/Java3Lesson11HW/LoanService/web/index.html</file>
        </group>
    </open-files>
</project-private>
